city,msw_generation_tons_year
Jalalabad,58914.450000000004
Kandahar,120971
Mazar-E-Sharif,52368.4
Kabul,1989250
HiratÂ ,91644.7
Luanda,1316336
Korca,21000
Vlora,37955
Abu Dhabi,1033543
Dubai,2689808
CÃ³rdoba,488735
Rosario,438730
Ciudada AutÃ³noma De Buenos Aires (Caba).,2532005
Vanadzor,23596.97
Spitak,2866
Pago Pago,NA
Perth,NA
Melbourne,NA
Canberra,350000
Vienna,1036879
Baku,1965922
Muyinga,5657.5
Kayanza,4015
Ngozi,6752.5
Bujumbura,210532
Brussels,469559
Liege,525300
Porto Novo,109500
Cotonou,258420
Bobo Dioulasso,90000
Ouagadougou,315068
Patuakhali,5220
Chittagong,320380
Rangpur,25992
Dhaka,1424689
Rajshahi,40069.7
Ruse,NA
Burgas,NA
Manama,NA
Banja Luka,65941
Sarajevo,146280
Minsk,1135421
Grodno,147500
San Pedro,10166
Belize City,32657
La Paz,202456.07
"Distrito Federal, Brasilia",835480
Rio De Janeiro,3368499
Sao Paulo,4700000
PhuentsholingÂ ,6205
Thimphu,18250
Gaborone,53655
Toronto,942700
Ottawa,325000
Vancouver,909519
Bern,59000
Zurich,NA
Santiago De Chile,3072148
Beijing,7903000
Abidjan,1200000
Limbe,NA
Douala,380695
Yaounde,375303.95
Bafoussam,30000
Kinshasa,2555000
Dolisie,17550
BogotÃ¡,1746890
Medellin,476455
Cali,669410
Moroni,NA
San JosÃ©,132405
Alajuela,80901.43999999999
Havana,545683.3600000001
Paralimini,NA
Nicosia,36198
Karlovy Vary,131539.27
Prague,400900
Hamburg,NA
Berlin,1350457
Djiibouti City,87600
Copenhagen,233805
Santo Domingo,1818889
Algiers,1237874
Mostaganem,160000
Quito,727297.66
Cairo,5475000
Pamplona,141296
Madrid,2652471
Tallinn,202011
Tartummaa,NA
Adola Woyu,3222
Bule Hora,7322
Addis Ababa,413180
Maichew,4907
Tepi,4697.9000000000005
Gerbe Guracha,5277.620000000001
Weldiya,4787
Debre Tabor,6570
Bati,1469
Dire Dawa,49275
Halaba Kulito,NA
Dembi Dolo,3295
Oulu,NA
Riihimaki,NA
Turku,NA
Suva,24272.5
Angers-Loire Metropole,136405
Paris,1092508
Pohnpei,4562.5
Libreville,417428
London,3560990
Bristol,166000
Tbilisi,NA
Accra,730000
Kumasi,397047
Conakry,219000
Banjul,79935
Labe,NA
Athens,310439.34
Thessaloniki,130629
Guatemala City,482700
Antigua Guatemala,8483
Jutiapa,59100
Tegucigalpa,320470
San Pedro Sula,289685.9
Zagreb,255803.62
Cakovec,8265.140000000001
Port Au Prince,669127.42
Debrecen,NA
Budapest,1000000
Jakarta,2240735
Douglas,NA
Kota,216504
Kozhikode,109500
Jaipur,542390
Tirunelveli,70007
Amritsar,227395
Allahabad,236640
Greater Hyderabad Â ,1642500
Kochi,72000
Leh,12045
Pune,620500
Patna,338106.8
Jodhpur,124538
Nagpur,383250
Shimla,34039.9
Rudrapur,23725
Bengaluru,1277500
Pimpri-Chinchwad,271925
Kanpur,547500
Rajkot,193450
Tenali,34675
Lucknow,505525
Ludhiana,401500
Tadipatri,14600
Bhopal,292000
Faridabad,242360
Cuttack,66816
Ahmedabad,1204500
Itanagar,29200
Vishakhapatnam,354050
Nashik,148569.6
Dhanbad,197976
Delhi,3062350
Srinagar,106390.2
Ghaziabad,271925
Imphal,29200
Surat,620500
Vijaywada,207320
Chennai,1825000
Indore,328500
Coimbatore,324850
Navi Mumbai,237250
Greater Mumbai,2497804.5
Guwahati,223015
GwaliorÂ ,138754.75
Bhubaneswar,189800
Mysore,146730
Warangal,109500
Dublin,142889
Tehran,2868170
Baghdad,3285000
Jerusalem,NA
Tel Aviv,NA
Parma,97142.43999999999
Milano,668158
Amman,996815
Yokohama,1182892
Kobe,559401
Osaka,1021258
Naha,100375
Kitakyushu,409332
Toyama,163417
Atyrau,100000
Kostanay,NA
EldoretÂ ,NA
Nairobi,829645
Osh,312700
Bishkek,544700
Phnom Penh,711750
South Tarawa,8395
Seoul,3353985
Kuwait City,NA
Vientiane,232505
Beirut,240000
Saida,36500
Monrovia,284700
Tripoli,263033.6
Dehiwala Mt. Lavinia Municipal Council,63948
Kurunegala,17545.55
Trincomalee,22662.85
Jaffna,38278
Moratuwa,45442.5
Colombo,282875
Vilnius,289300
Kaunas,130663
Liepaja,NA
Riga,312346
Rabat,237250
Tangier,350000
Beni Mellal,52955
Soldanesti,2037.5
Chisinau,282900
Antananarivo,401500
Male,87143.57
Addu,7612
Fuahmulah,2510.47
MÃ©xico City,4705945
Guadalajara,648812
Monterrey,430158
Majuro,8614
Kratovo,1518
Skopje,182489
Bamako,330000
Sikasso,46770
Mandalay,343100
Yangon,723065
Podgorica,87808
Kotor,10121
Ulaanbaatar,1100000
Saipan,32371.85
Maputo,401500
Nouakchott,NA
Blantyre,100000
Lilongwe,95000
Kuala Lumpur,1600000
Windhoek,57998.5
Niamey,146000
Ilorin,NA
Lagos,1642500
Kano,NA
Oyo,20000
Ibadan,635000
Puerto Cabezas,14198.5
Managua,468660
Amsterdam,324302
Eindhoven,NA
Bergen,70528
Oslo,360876
Butwal,9902.449999999999
Pokhara,42745.15
Dhankuta,2701
Birgunj,13932.05
Kathmandu,170141.1
Lalitpur,30769.5
Badimalika,872.3499999999999
Bharatpur,21578.799999999996
Dharan,18585.8
Bhimeshwor,1036.6
Biratnagar,21305.05
Bhaktapur,10548.5
Auckland,226352
Wellington,302500
Muscat,219000
Karachi,2719250
Lahore,2436656.4149999996
Sialkot,125000
PanamÃ¡ City,494579.98000000004
San Miguelito,199436
ColÃ³n,59860
Cusco,48563
Cebu,229950
Quezon City,944328
Koror,1369
Port Moresby,107310
Lodzi,157070.6
KrakÃ³w,320500
Lisbon,291703.71
GuimarÃ£es,56000
AsunciÃ³n,282613
Ciudad Del Este,157731.1
San Lorenzo,105711
Ramallah,NA
Doha,359035.9
Cluj-Napoca,112194
Bucharest,632866.62
Moscow,5500000
St.petersburg,2300000
Kemerovo,189254
KigaliÂ ,871729.5
Nyagatare,NA
Jeddah,2200000
Riyadh,4380000
Rufisque,76650
Honiara,29000
Freetown,163520
San Salvador,293747
Hargeysa,80000
Belgrade,781692
Novi Sad,120773
Juba,130053.15000000001
Trnava,60816
Bratislava,140594
Ljubljana,98410
BorÃ¥s,25500
Stockholm,399133
Damascus,1095000
Lome,311000
Bangkok,4190000
DushanbeÂ ,257000
Khujand,51974
Ashgabat,164000
Dili,54750
Tongatapu,10950
Vavaâ€™u,5515
Tunis,220000
Sfax,77000
Sousse,70000
Sakarya Mm,358139
Bursa Mm (Metropolitan Municipality),1069711
Funafuti,NA
Dar Es Salaam,1496500
Moshi,62050
Mountain Kilimanjaro,50000
Kampala,840000
Pavlograd,84600
Kiev,1100000
Montevideo,481800
Seattle,720904
Washington Dc,479930.77
Ann Arbor,200767.81999999998
Namangan,NA
Tashkent,500000
Caracas,1787940
Hanoi,2390750
Ho Chi Minh City,2518500
Port Vila,27000
Upolu (Apia),NA
Gjilan,27000
Pristina,130928
SanaÃ¡,510420.89
JohannesburgÂ ,1867000
Cape Town,1251950
Soweto,NA
BloemfonteinÂ ,NA
Durban,1421541
NdolaÂ ,85979.4
Lusaka,530000
Kadoma City,NA
Mbare,NA
Norton,14021.039999999997
Chinhoyi,25480
HarareÂ ,352334.5
Gweru,37887.6
Kariba,7423.3600000000015
Masvingo City,NA
SakubvaÂ ,NA
